-- MySQL dump 10.13  Distrib 5.5.31, for debian-linux-gnu (x86_64)
--
-- Host: localhost    Database: contentrepository_portal
-- ------------------------------------------------------
-- Server version	5.5.31-0+wheezy1

/*!40101 SET @OLD_CHARACTER_SET_CLIENT=@@CHARACTER_SET_CLIENT */;
/*!40101 SET @OLD_CHARACTER_SET_RESULTS=@@CHARACTER_SET_RESULTS */;
/*!40101 SET @OLD_COLLATION_CONNECTION=@@COLLATION_CONNECTION */;
/*!40101 SET NAMES utf8 */;
/*!40103 SET @OLD_TIME_ZONE=@@TIME_ZONE */;
/*!40103 SET TIME_ZONE='+00:00' */;
/*!40014 SET @OLD_UNIQUE_CHECKS=@@UNIQUE_CHECKS, UNIQUE_CHECKS=0 */;
/*!40014 SET @OLD_FOREIGN_KEY_CHECKS=@@FOREIGN_KEY_CHECKS, FOREIGN_KEY_CHECKS=0 */;
/*!40101 SET @OLD_SQL_MODE=@@SQL_MODE, SQL_MODE='NO_AUTO_VALUE_ON_ZERO' */;
/*!40111 SET @OLD_SQL_NOTES=@@SQL_NOTES, SQL_NOTES=0 */;

--
-- Table structure for table `contentattribute`
--

DROP TABLE IF EXISTS `contentattribute`;
/*!40101 SET @saved_cs_client     = @@character_set_client */;
/*!40101 SET character_set_client = utf8 */;
CREATE TABLE `contentattribute` (
  `contentid` varchar(32) NOT NULL DEFAULT '',
  `name` varchar(255) NOT NULL DEFAULT '',
  `value_text` varchar(255) DEFAULT NULL,
  `value_bin` mediumblob,
  `value_int` int(11) DEFAULT NULL,
  `sortorder` int(11) DEFAULT NULL,
  `value_blob` longblob,
  `id` int(11) NOT NULL AUTO_INCREMENT,
  `value_clob` mediumtext,
  `value_long` bigint(20) DEFAULT NULL,
  `value_double` double DEFAULT NULL,
  `value_date` datetime DEFAULT NULL,
  PRIMARY KEY (`id`),
  KEY `value_text` (`value_text`),
  KEY `contentid` (`contentid`,`name`),
  KEY `contentattribute_idx3` (`name`),
  KEY `contentattribute_idx2` (`contentid`)
) ENGINE=MyISAM AUTO_INCREMENT=912 DEFAULT CHARSET=utf8;
/*!40101 SET character_set_client = @saved_cs_client */;

--
-- Dumping data for table `contentattribute`
--

LOCK TABLES `contentattribute` WRITE;
/*!40000 ALTER TABLE `contentattribute` DISABLE KEYS */;
INSERT INTO `contentattribute` VALUES ('36000.1','forcontentid','10007.1',NULL,NULL,NULL,NULL,103,NULL,NULL,NULL,NULL),('36000.2','forcontentid','10007.1',NULL,NULL,NULL,NULL,104,NULL,NULL,NULL,NULL),('36000.3','forcontentid','10007.1',NULL,NULL,NULL,NULL,105,NULL,NULL,NULL,NULL),('36000.4','forcontentid','10007.2',NULL,NULL,NULL,NULL,106,NULL,NULL,NULL,NULL),('36000.5','forcontentid','10007.2',NULL,NULL,NULL,NULL,107,NULL,NULL,NULL,NULL),('36000.6','forcontentid','10007.2',NULL,NULL,NULL,NULL,108,NULL,NULL,NULL,NULL),('36000.7','forcontentid','10007.2',NULL,NULL,NULL,NULL,109,NULL,NULL,NULL,NULL),('36000.8','forcontentid','10007.2',NULL,NULL,NULL,NULL,110,NULL,NULL,NULL,NULL),('36000.9','forcontentid','10007.2',NULL,NULL,NULL,NULL,111,NULL,NULL,NULL,NULL),('36000.10','forcontentid','10007.2',NULL,NULL,NULL,NULL,112,NULL,NULL,NULL,NULL),('36000.11','forcontentid','10007.2',NULL,NULL,NULL,NULL,113,NULL,NULL,NULL,NULL),('36000.12','forcontentid','10007.2',NULL,NULL,NULL,NULL,120,NULL,NULL,NULL,NULL),('36000.13','forcontentid','10007.4',NULL,NULL,NULL,NULL,121,NULL,NULL,NULL,NULL),('36000.14','forcontentid','10007.4',NULL,NULL,NULL,NULL,122,NULL,NULL,NULL,NULL),('36000.14','username','Max Mustermann\n						',NULL,NULL,NULL,NULL,123,NULL,NULL,NULL,NULL),('36000.15','forcontentid','10007.4',NULL,NULL,NULL,NULL,124,NULL,NULL,NULL,NULL),('36000.15','username','Max Mustermann\n						',NULL,NULL,NULL,NULL,125,NULL,NULL,NULL,NULL),('36000.16','useremail','c.prerovsky@gentics.com',NULL,NULL,NULL,NULL,126,NULL,NULL,NULL,NULL),('36000.16','userid',NULL,NULL,3,NULL,NULL,127,NULL,NULL,NULL,NULL),('36000.16','forcontentid','10007.1',NULL,NULL,NULL,NULL,128,NULL,NULL,NULL,NULL),('36000.16','username','Node Admin\n						',NULL,NULL,NULL,NULL,129,NULL,NULL,NULL,NULL),('36000.17','useremail','c.prerovsky@gentics.com',NULL,NULL,NULL,NULL,130,NULL,NULL,NULL,NULL),('36000.17','userid',NULL,NULL,3,NULL,NULL,131,NULL,NULL,NULL,NULL),('36000.17','forcontentid','10007.1',NULL,NULL,NULL,NULL,132,NULL,NULL,NULL,NULL),('36000.17','username','Node Admin\n						',NULL,NULL,NULL,NULL,133,NULL,NULL,NULL,NULL),('36000.18','useremail','c.prerovsky@gentics.com',NULL,NULL,NULL,NULL,146,NULL,NULL,NULL,NULL),('36000.18','userid',NULL,NULL,3,NULL,NULL,147,NULL,NULL,NULL,NULL),('36000.18','forcontentid','10007.5',NULL,NULL,NULL,NULL,148,NULL,NULL,NULL,NULL),('36000.18','username','Node Admin\n						',NULL,NULL,NULL,NULL,149,NULL,NULL,NULL,NULL),('36000.19','useremail','c.prerovsky@gentics.com',NULL,NULL,NULL,NULL,150,NULL,NULL,NULL,NULL),('36000.19','userid',NULL,NULL,3,NULL,NULL,151,NULL,NULL,NULL,NULL),('36000.19','forcontentid','10007.5',NULL,NULL,NULL,NULL,152,NULL,NULL,NULL,NULL),('36000.19','username','Node Admin\n						',NULL,NULL,NULL,NULL,153,NULL,NULL,NULL,NULL),('36000.20','useremail','c.prerovsky@gentics.com',NULL,NULL,NULL,NULL,154,NULL,NULL,NULL,NULL),('36000.20','userid',NULL,NULL,3,NULL,NULL,155,NULL,NULL,NULL,NULL),('36000.20','forcontentid','10007.5',NULL,NULL,NULL,NULL,156,NULL,NULL,NULL,NULL),('36000.20','username','Node Admin\n						',NULL,NULL,NULL,NULL,157,NULL,NULL,NULL,NULL),('36000.21','useremail','c.prerovsky@gentics.com',NULL,NULL,NULL,NULL,158,NULL,NULL,NULL,NULL),('36000.21','userid',NULL,NULL,3,NULL,NULL,159,NULL,NULL,NULL,NULL),('36000.21','forcontentid','10007.5',NULL,NULL,NULL,NULL,160,NULL,NULL,NULL,NULL),('36000.21','username','Node Admin\n						',NULL,NULL,NULL,NULL,161,NULL,NULL,NULL,NULL),('36000.22','useremail','c.prerovsky@gentics.com',NULL,NULL,NULL,NULL,162,NULL,NULL,NULL,NULL),('36000.22','userid',NULL,NULL,3,NULL,NULL,163,NULL,NULL,NULL,NULL),('36000.22','forcontentid','10007.5',NULL,NULL,NULL,NULL,164,NULL,NULL,NULL,NULL),('36000.22','username','Node Admin\n						',NULL,NULL,NULL,NULL,165,NULL,NULL,NULL,NULL),('36000.23','useremail','c.prerovsky@gentics.com',NULL,NULL,NULL,NULL,166,NULL,NULL,NULL,NULL),('36000.23','userid',NULL,NULL,3,NULL,NULL,167,NULL,NULL,NULL,NULL),('36000.23','forcontentid','10007.5',NULL,NULL,NULL,NULL,168,NULL,NULL,NULL,NULL),('36000.23','username','Node Admin',NULL,NULL,NULL,NULL,169,NULL,NULL,NULL,NULL),('36000.24','useremail','c.prerovsky@gentics.com',NULL,NULL,NULL,NULL,170,NULL,NULL,NULL,NULL),('36000.24','userid',NULL,NULL,3,NULL,NULL,171,NULL,NULL,NULL,NULL),('36000.24','forcontentid','10007.5',NULL,NULL,NULL,NULL,172,NULL,NULL,NULL,NULL),('36000.24','username','Node Admin',NULL,NULL,NULL,NULL,173,NULL,NULL,NULL,NULL),('36000.25','useremail','c.prerovsky@gentics.com',NULL,NULL,NULL,NULL,174,NULL,NULL,NULL,NULL),('36000.25','userid',NULL,NULL,3,NULL,NULL,175,NULL,NULL,NULL,NULL),('36000.25','forcontentid','10007.5',NULL,NULL,NULL,NULL,176,NULL,NULL,NULL,NULL),('36000.25','username','Node Admin',NULL,NULL,NULL,NULL,177,NULL,NULL,NULL,NULL),('36000.26','useremail','c.prerovsky@gentics.com',NULL,NULL,NULL,NULL,178,NULL,NULL,NULL,NULL),('36000.26','userid',NULL,NULL,3,NULL,NULL,179,NULL,NULL,NULL,NULL),('36000.26','forcontentid','10007.5',NULL,NULL,NULL,NULL,180,NULL,NULL,NULL,NULL),('36000.26','username','Node Admin',NULL,NULL,NULL,NULL,181,NULL,NULL,NULL,NULL),('36000.27','useremail','c.prerovsky@gentics.com',NULL,NULL,NULL,NULL,182,NULL,NULL,NULL,NULL),('36000.27','userid',NULL,NULL,3,NULL,NULL,183,NULL,NULL,NULL,NULL),('36000.27','forcontentid','10007.14',NULL,NULL,NULL,NULL,184,NULL,NULL,NULL,NULL),('36000.27','username','Node Admin',NULL,NULL,NULL,NULL,185,NULL,NULL,NULL,NULL),('36000.28','useremail','c.prerovsky@gentics.com',NULL,NULL,NULL,NULL,186,NULL,NULL,NULL,NULL),('36000.28','userid',NULL,NULL,3,NULL,NULL,187,NULL,NULL,NULL,NULL),('36000.28','forcontentid','10007.8',NULL,NULL,NULL,NULL,188,NULL,NULL,NULL,NULL),('36000.28','username','Node Admin',NULL,NULL,NULL,NULL,189,NULL,NULL,NULL,NULL),('36000.29','useremail','c.prerovsky@gentics.com',NULL,NULL,NULL,NULL,190,NULL,NULL,NULL,NULL),('36000.29','userid',NULL,NULL,3,NULL,NULL,191,NULL,NULL,NULL,NULL),('36000.29','forcontentid','10007.3',NULL,NULL,NULL,NULL,192,NULL,NULL,NULL,NULL),('36000.29','username','Node Admin',NULL,NULL,NULL,NULL,193,NULL,NULL,NULL,NULL),('36000.30','forcontentid','10007.8',NULL,NULL,NULL,NULL,194,NULL,NULL,NULL,NULL),('36000.30','username','Max Mustermann',NULL,NULL,NULL,NULL,195,NULL,NULL,NULL,NULL),('36000.31','forcontentid','10007.5',NULL,NULL,NULL,NULL,196,NULL,NULL,NULL,NULL),('36000.31','username','Max Mustermann',NULL,NULL,NULL,NULL,197,NULL,NULL,NULL,NULL),('36000.32','useremail','c.prerovsky@gentics.com',NULL,NULL,NULL,NULL,198,NULL,NULL,NULL,NULL),('36000.32','userid',NULL,NULL,3,NULL,NULL,199,NULL,NULL,NULL,NULL),('36000.32','forcontentid','10007.4',NULL,NULL,NULL,NULL,200,NULL,NULL,NULL,NULL),('36000.32','username','Node Admin',NULL,NULL,NULL,NULL,201,NULL,NULL,NULL,NULL),('35000.50','ts',NULL,NULL,NULL,NULL,NULL,600,NULL,NULL,NULL,'2010-10-29 16:56:41'),('37000.128','name','startpage',NULL,NULL,NULL,NULL,551,NULL,NULL,NULL,NULL),('35000.50','text',NULL,NULL,NULL,NULL,NULL,599,'Thanks for writing constantly interesting news ... I\'ll read it every day ...',NULL,NULL,NULL),('35000.50','username','Alexander Szlezak',NULL,NULL,NULL,NULL,598,NULL,NULL,NULL,NULL),('37000.140','name','marketing',NULL,NULL,NULL,NULL,597,NULL,NULL,NULL,NULL),('37000.140','forcontentid','10007.30',NULL,NULL,NULL,NULL,596,NULL,NULL,NULL,NULL),('37000.138','name','information',NULL,NULL,NULL,NULL,593,NULL,NULL,NULL,NULL),('36000.38','forcontentid','10007.3',NULL,NULL,NULL,NULL,500,NULL,NULL,NULL,NULL),('36000.38','username','Max Mustermann',NULL,NULL,NULL,NULL,499,NULL,NULL,NULL,NULL),('37000.138','forcontentid','10007.30',NULL,NULL,NULL,NULL,592,NULL,NULL,NULL,NULL),('37000.137','name','abteilungen',NULL,NULL,NULL,NULL,591,NULL,NULL,NULL,NULL),('37000.137','forcontentid','10007.30',NULL,NULL,NULL,NULL,590,NULL,NULL,NULL,NULL),('37000.136','name',' publizieren',NULL,NULL,NULL,NULL,589,NULL,NULL,NULL,NULL),('37000.136','forcontentid','10007.32',NULL,NULL,NULL,NULL,588,NULL,NULL,NULL,NULL),('37000.135','forcontentid','10007.32',NULL,NULL,NULL,NULL,586,NULL,NULL,NULL,NULL),('37000.135','name','news',NULL,NULL,NULL,NULL,587,NULL,NULL,NULL,NULL),('35000.49','userid',NULL,NULL,3,NULL,NULL,585,NULL,NULL,NULL,NULL),('35000.49','useremail','node@gentics.com',NULL,NULL,NULL,NULL,584,NULL,NULL,NULL,NULL),('35000.49','forcontentid','10007.2',NULL,NULL,NULL,NULL,583,NULL,NULL,NULL,NULL),('35000.49','ts',NULL,NULL,NULL,NULL,NULL,582,NULL,NULL,NULL,'2010-10-29 15:36:07'),('35000.49','text',NULL,NULL,NULL,NULL,NULL,581,'Super comment',NULL,NULL,NULL),('35000.49','username','Node Admin',NULL,NULL,NULL,NULL,580,NULL,NULL,NULL,NULL),('37000.134','name','gentics',NULL,NULL,NULL,NULL,579,NULL,NULL,NULL,NULL),('37000.133','name','hello',NULL,NULL,NULL,NULL,577,NULL,NULL,NULL,NULL),('37000.133','forcontentid','10007.2',NULL,NULL,NULL,NULL,576,NULL,NULL,NULL,NULL),('37000.132','name','übersicht',NULL,NULL,NULL,NULL,575,NULL,NULL,NULL,NULL),('36000.33','username','Max Mustermann',NULL,NULL,NULL,NULL,479,NULL,NULL,NULL,NULL),('36000.33','forcontentid','10007.1',NULL,NULL,NULL,NULL,480,NULL,NULL,NULL,NULL),('36000.34','username','Max Mustermann',NULL,NULL,NULL,NULL,481,NULL,NULL,NULL,NULL),('36000.34','forcontentid','10007.1',NULL,NULL,NULL,NULL,482,NULL,NULL,NULL,NULL),('36000.35','username','Max Mustermann',NULL,NULL,NULL,NULL,483,NULL,NULL,NULL,NULL),('36000.35','forcontentid','10007.1',NULL,NULL,NULL,NULL,484,NULL,NULL,NULL,NULL),('36000.36','username','Max Mustermann',NULL,NULL,NULL,NULL,485,NULL,NULL,NULL,NULL),('36000.36','forcontentid','10007.1',NULL,NULL,NULL,NULL,486,NULL,NULL,NULL,NULL),('36000.37','username','Max Mustermann',NULL,NULL,NULL,NULL,487,NULL,NULL,NULL,NULL),('36000.37','forcontentid','10007.1',NULL,NULL,NULL,NULL,488,NULL,NULL,NULL,NULL),('37000.127','forcontentid','10007.1',NULL,NULL,NULL,NULL,548,NULL,NULL,NULL,NULL),('37000.127','name','welcome',NULL,NULL,NULL,NULL,549,NULL,NULL,NULL,NULL),('37000.128','forcontentid','10007.1',NULL,NULL,NULL,NULL,550,NULL,NULL,NULL,NULL),('37000.114','name','gentics',NULL,NULL,NULL,NULL,502,NULL,NULL,NULL,NULL),('37000.114','forcontentid','10007.1',NULL,NULL,NULL,NULL,501,NULL,NULL,NULL,NULL),('37000.129','forcontentid','10007.1',NULL,NULL,NULL,NULL,552,NULL,NULL,NULL,NULL),('37000.113','forcontentid','10007.4',NULL,NULL,NULL,NULL,497,NULL,NULL,NULL,NULL),('37000.113','name','abteilungen',NULL,NULL,NULL,NULL,498,NULL,NULL,NULL,NULL),('37000.132','forcontentid','10007.27',NULL,NULL,NULL,NULL,574,NULL,NULL,NULL,NULL),('37000.131','name','news',NULL,NULL,NULL,NULL,573,NULL,NULL,NULL,NULL),('37000.125','name','Test',NULL,NULL,NULL,NULL,529,NULL,NULL,NULL,NULL),('37000.125','forcontentid','10007.2',NULL,NULL,NULL,NULL,528,NULL,NULL,NULL,NULL),('35000.50','useremail','a.szlezak@gentics.com',NULL,NULL,NULL,NULL,602,NULL,NULL,NULL,NULL),('35000.50','forcontentid','10007.27',NULL,NULL,NULL,NULL,601,NULL,NULL,NULL,NULL),('37000.123','name','Project Tag',NULL,NULL,NULL,NULL,525,NULL,NULL,NULL,NULL),('37000.123','forcontentid','10007.2',NULL,NULL,NULL,NULL,524,NULL,NULL,NULL,NULL),('37000.134','forcontentid','10007.2',NULL,NULL,NULL,NULL,578,NULL,NULL,NULL,NULL),('36000.39','username','Node Admin',NULL,NULL,NULL,NULL,532,NULL,NULL,NULL,NULL),('36000.39','forcontentid','10007.8',NULL,NULL,NULL,NULL,533,NULL,NULL,NULL,NULL),('36000.39','useremail','node@gentics.com',NULL,NULL,NULL,NULL,534,NULL,NULL,NULL,NULL),('36000.39','userid',NULL,NULL,3,NULL,NULL,535,NULL,NULL,NULL,NULL),('37000.131','forcontentid','10007.27',NULL,NULL,NULL,NULL,572,NULL,NULL,NULL,NULL),('36000.40','userid',NULL,NULL,28,NULL,NULL,571,NULL,NULL,NULL,NULL),('36000.40','useremail','m.aghamanoukjan@gentics.com',NULL,NULL,NULL,NULL,570,NULL,NULL,NULL,NULL),('36000.40','forcontentid','10007.26',NULL,NULL,NULL,NULL,569,NULL,NULL,NULL,NULL),('36000.40','username','Manuel Aghamanoukjan',NULL,NULL,NULL,NULL,568,NULL,NULL,NULL,NULL),('35000.48','userid',NULL,NULL,28,NULL,NULL,567,NULL,NULL,NULL,NULL),('35000.48','useremail','m.aghamanoukjan@gentics.com',NULL,NULL,NULL,NULL,566,NULL,NULL,NULL,NULL),('35000.48','forcontentid','10007.26',NULL,NULL,NULL,NULL,565,NULL,NULL,NULL,NULL),('37000.129','name','aloha editor',NULL,NULL,NULL,NULL,553,NULL,NULL,NULL,NULL),('35000.48','ts',NULL,NULL,NULL,NULL,NULL,564,NULL,NULL,NULL,'2010-10-29 14:56:35'),('35000.48','text',NULL,NULL,NULL,NULL,NULL,563,'Gibts auch die Möglichkeit Wikis anzulegen?',NULL,NULL,NULL),('35000.48','username','Manuel Aghamanoukjan',NULL,NULL,NULL,NULL,562,NULL,NULL,NULL,NULL),('37000.130','forcontentid','10007.2',NULL,NULL,NULL,NULL,560,NULL,NULL,NULL,NULL),('37000.130','name','hallo',NULL,NULL,NULL,NULL,561,NULL,NULL,NULL,NULL),('35000.50','userid',NULL,NULL,27,NULL,NULL,603,NULL,NULL,NULL,NULL),('35000.51','username','Alexander Szlezak',NULL,NULL,NULL,NULL,604,NULL,NULL,NULL,NULL),('35000.51','text',NULL,NULL,NULL,NULL,NULL,605,'Thanks for writing interesting news .. I\'ll read it every day ..',NULL,NULL,NULL),('35000.51','ts',NULL,NULL,NULL,NULL,NULL,606,NULL,NULL,NULL,'2010-10-29 16:58:03'),('35000.51','forcontentid','10007.16',NULL,NULL,NULL,NULL,607,NULL,NULL,NULL,NULL),('35000.51','useremail','a.szlezak@gentics.com',NULL,NULL,NULL,NULL,608,NULL,NULL,NULL,NULL),('35000.51','userid',NULL,NULL,27,NULL,NULL,609,NULL,NULL,NULL,NULL),('37000.141','forcontentid','10007.34',NULL,NULL,NULL,NULL,610,NULL,NULL,NULL,NULL),('37000.141','name','news',NULL,NULL,NULL,NULL,611,NULL,NULL,NULL,NULL),('37000.142','forcontentid','10007.34',NULL,NULL,NULL,NULL,612,NULL,NULL,NULL,NULL),('37000.142','name','easy',NULL,NULL,NULL,NULL,613,NULL,NULL,NULL,NULL),('37000.143','forcontentid','10007.34',NULL,NULL,NULL,NULL,614,NULL,NULL,NULL,NULL),('37000.143','name','publish',NULL,NULL,NULL,NULL,615,NULL,NULL,NULL,NULL),('37000.144','forcontentid','10007.17',NULL,NULL,NULL,NULL,616,NULL,NULL,NULL,NULL),('37000.144','name','enterprise 2.0',NULL,NULL,NULL,NULL,617,NULL,NULL,NULL,NULL),('37000.145','forcontentid','10007.17',NULL,NULL,NULL,NULL,618,NULL,NULL,NULL,NULL),('37000.145','name','erste group',NULL,NULL,NULL,NULL,619,NULL,NULL,NULL,NULL),('37000.146','forcontentid','10007.17',NULL,NULL,NULL,NULL,620,NULL,NULL,NULL,NULL),('37000.146','name','customer',NULL,NULL,NULL,NULL,621,NULL,NULL,NULL,NULL),('37000.147','forcontentid','10007.38',NULL,NULL,NULL,NULL,622,NULL,NULL,NULL,NULL),('37000.147','name','blog',NULL,NULL,NULL,NULL,623,NULL,NULL,NULL,NULL),('37000.148','forcontentid','10007.38',NULL,NULL,NULL,NULL,624,NULL,NULL,NULL,NULL),('37000.148','name','management',NULL,NULL,NULL,NULL,625,NULL,NULL,NULL,NULL),('37000.149','forcontentid','10007.38',NULL,NULL,NULL,NULL,626,NULL,NULL,NULL,NULL),('37000.149','name','news',NULL,NULL,NULL,NULL,627,NULL,NULL,NULL,NULL),('35000.52','username','Alexander Szlezak',NULL,NULL,NULL,NULL,628,NULL,NULL,NULL,NULL),('35000.52','text',NULL,NULL,NULL,NULL,NULL,629,'Wir freuen uns hier unsere Strategie vorzustellen und Kommentare von euch zu bekommen.',NULL,NULL,NULL),('35000.52','ts',NULL,NULL,NULL,NULL,NULL,630,NULL,NULL,NULL,'2010-10-29 17:45:18'),('35000.52','forcontentid','10007.37',NULL,NULL,NULL,NULL,631,NULL,NULL,NULL,NULL),('35000.52','useremail','a.szlezak@gentics.com',NULL,NULL,NULL,NULL,632,NULL,NULL,NULL,NULL),('35000.52','userid',NULL,NULL,27,NULL,NULL,633,NULL,NULL,NULL,NULL),('37000.150','forcontentid','10007.41',NULL,NULL,NULL,NULL,634,NULL,NULL,NULL,NULL),('37000.150','name','launch',NULL,NULL,NULL,NULL,635,NULL,NULL,NULL,NULL),('37000.151','forcontentid','10007.41',NULL,NULL,NULL,NULL,636,NULL,NULL,NULL,NULL),('37000.151','name','financial system',NULL,NULL,NULL,NULL,637,NULL,NULL,NULL,NULL),('37000.152','forcontentid','10007.42',NULL,NULL,NULL,NULL,638,NULL,NULL,NULL,NULL),('37000.152','name','launch',NULL,NULL,NULL,NULL,639,NULL,NULL,NULL,NULL),('37000.154','forcontentid','10007.42',NULL,NULL,NULL,NULL,642,NULL,NULL,NULL,NULL),('37000.154','name','financial system',NULL,NULL,NULL,NULL,643,NULL,NULL,NULL,NULL),('37000.155','forcontentid','10007.40',NULL,NULL,NULL,NULL,644,NULL,NULL,NULL,NULL),('37000.155','name','marketing',NULL,NULL,NULL,NULL,645,NULL,NULL,NULL,NULL),('37000.156','forcontentid','10007.40',NULL,NULL,NULL,NULL,646,NULL,NULL,NULL,NULL),('37000.156','name','department',NULL,NULL,NULL,NULL,647,NULL,NULL,NULL,NULL),('37000.157','forcontentid','10007.40',NULL,NULL,NULL,NULL,648,NULL,NULL,NULL,NULL),('37000.157','name','information',NULL,NULL,NULL,NULL,649,NULL,NULL,NULL,NULL),('36000.41','username','Klaus-M. Schremser',NULL,NULL,NULL,NULL,650,NULL,NULL,NULL,NULL),('36000.41','forcontentid','10007.27',NULL,NULL,NULL,NULL,651,NULL,NULL,NULL,NULL),('36000.41','useremail','km.schremser@gentics.com',NULL,NULL,NULL,NULL,652,NULL,NULL,NULL,NULL),('36000.41','userid',NULL,NULL,25,NULL,NULL,653,NULL,NULL,NULL,NULL),('37000.158','forcontentid','10007.28',NULL,NULL,NULL,NULL,654,NULL,NULL,NULL,NULL),('37000.158','name','gentics',NULL,NULL,NULL,NULL,655,NULL,NULL,NULL,NULL),('37000.159','forcontentid','10007.28',NULL,NULL,NULL,NULL,656,NULL,NULL,NULL,NULL),('37000.159','name','cms',NULL,NULL,NULL,NULL,657,NULL,NULL,NULL,NULL),('36000.42','username','Alexander Szlezak',NULL,NULL,NULL,NULL,658,NULL,NULL,NULL,NULL),('36000.42','forcontentid','10007.37',NULL,NULL,NULL,NULL,659,NULL,NULL,NULL,NULL),('36000.42','useremail','a.szlezak@gentics.com',NULL,NULL,NULL,NULL,660,NULL,NULL,NULL,NULL),('36000.42','userid',NULL,NULL,27,NULL,NULL,661,NULL,NULL,NULL,NULL),('35000.53','username','Haymo Meran',NULL,NULL,NULL,NULL,662,NULL,NULL,NULL,NULL),('35000.53','text',NULL,NULL,NULL,NULL,NULL,663,'Ich habe bereits viele Plugins entwicklt und freue mich auf Inputs aus der Community.',NULL,NULL,NULL),('35000.53','ts',NULL,NULL,NULL,NULL,NULL,664,NULL,NULL,NULL,'2010-10-29 18:32:47'),('35000.53','forcontentid','10007.44',NULL,NULL,NULL,NULL,665,NULL,NULL,NULL,NULL),('35000.53','useremail','h.meran@gentics.com',NULL,NULL,NULL,NULL,666,NULL,NULL,NULL,NULL),('35000.53','userid',NULL,NULL,31,NULL,NULL,667,NULL,NULL,NULL,NULL),('37000.160','forcontentid','10007.44',NULL,NULL,NULL,NULL,668,NULL,NULL,NULL,NULL),('37000.160','name','aloha editor',NULL,NULL,NULL,NULL,669,NULL,NULL,NULL,NULL),('37000.161','forcontentid','10007.44',NULL,NULL,NULL,NULL,670,NULL,NULL,NULL,NULL),('37000.161','name','html5',NULL,NULL,NULL,NULL,671,NULL,NULL,NULL,NULL),('37000.162','forcontentid','10007.44',NULL,NULL,NULL,NULL,672,NULL,NULL,NULL,NULL),('37000.162','name','plugins',NULL,NULL,NULL,NULL,673,NULL,NULL,NULL,NULL),('37000.163','forcontentid','10007.44',NULL,NULL,NULL,NULL,674,NULL,NULL,NULL,NULL),('37000.163','name','innovation',NULL,NULL,NULL,NULL,675,NULL,NULL,NULL,NULL),('37000.164','forcontentid','10007.45',NULL,NULL,NULL,NULL,676,NULL,NULL,NULL,NULL),('37000.164','name','aloha editor',NULL,NULL,NULL,NULL,677,NULL,NULL,NULL,NULL),('37000.165','forcontentid','10007.45',NULL,NULL,NULL,NULL,678,NULL,NULL,NULL,NULL),('37000.165','name','innovation',NULL,NULL,NULL,NULL,679,NULL,NULL,NULL,NULL),('37000.166','forcontentid','10007.45',NULL,NULL,NULL,NULL,680,NULL,NULL,NULL,NULL),('37000.166','name','plugins',NULL,NULL,NULL,NULL,681,NULL,NULL,NULL,NULL),('37000.167','forcontentid','10007.45',NULL,NULL,NULL,NULL,682,NULL,NULL,NULL,NULL),('37000.167','name','html5',NULL,NULL,NULL,NULL,683,NULL,NULL,NULL,NULL),('35000.54','username','Haymo Meran',NULL,NULL,NULL,NULL,684,NULL,NULL,NULL,NULL),('35000.54','text',NULL,NULL,NULL,NULL,NULL,685,'I developed a lot of plugins - give me feedback ...',NULL,NULL,NULL),('35000.54','ts',NULL,NULL,NULL,NULL,NULL,686,NULL,NULL,NULL,'2010-10-29 18:35:29'),('35000.54','forcontentid','10007.45',NULL,NULL,NULL,NULL,687,NULL,NULL,NULL,NULL),('35000.54','useremail','h.meran@gentics.com',NULL,NULL,NULL,NULL,688,NULL,NULL,NULL,NULL),('35000.54','userid',NULL,NULL,31,NULL,NULL,689,NULL,NULL,NULL,NULL),('36000.43','username','Haymo Meran',NULL,NULL,NULL,NULL,690,NULL,NULL,NULL,NULL),('36000.43','forcontentid','10007.45',NULL,NULL,NULL,NULL,691,NULL,NULL,NULL,NULL),('36000.43','useremail','h.meran@gentics.com',NULL,NULL,NULL,NULL,692,NULL,NULL,NULL,NULL),('36000.43','userid',NULL,NULL,31,NULL,NULL,693,NULL,NULL,NULL,NULL),('35000.55','username','Haymo Meran',NULL,NULL,NULL,NULL,694,NULL,NULL,NULL,NULL),('35000.55','text',NULL,NULL,NULL,NULL,NULL,695,'I was already there - great country ...',NULL,NULL,NULL),('35000.55','ts',NULL,NULL,NULL,NULL,NULL,696,NULL,NULL,NULL,'2010-10-29 18:36:17'),('35000.55','forcontentid','10007.39',NULL,NULL,NULL,NULL,697,NULL,NULL,NULL,NULL),('35000.55','useremail','h.meran@gentics.com',NULL,NULL,NULL,NULL,698,NULL,NULL,NULL,NULL),('35000.55','userid',NULL,NULL,31,NULL,NULL,699,NULL,NULL,NULL,NULL),('36000.44','username','Haymo Meran',NULL,NULL,NULL,NULL,700,NULL,NULL,NULL,NULL),('36000.44','forcontentid','10007.39',NULL,NULL,NULL,NULL,701,NULL,NULL,NULL,NULL),('36000.44','useremail','h.meran@gentics.com',NULL,NULL,NULL,NULL,702,NULL,NULL,NULL,NULL),('36000.44','userid',NULL,NULL,31,NULL,NULL,703,NULL,NULL,NULL,NULL),('35000.56','username','Haymo Meran',NULL,NULL,NULL,NULL,704,NULL,NULL,NULL,NULL),('35000.56','text',NULL,NULL,NULL,NULL,NULL,705,'Yes, I also subscribed to the RSS feed  ... great news - thanks',NULL,NULL,NULL),('35000.56','ts',NULL,NULL,NULL,NULL,NULL,706,NULL,NULL,NULL,'2010-10-29 18:36:51'),('35000.56','forcontentid','10007.16',NULL,NULL,NULL,NULL,707,NULL,NULL,NULL,NULL),('35000.56','useremail','h.meran@gentics.com',NULL,NULL,NULL,NULL,708,NULL,NULL,NULL,NULL),('35000.56','userid',NULL,NULL,31,NULL,NULL,709,NULL,NULL,NULL,NULL),('37000.170','name','relaunch',NULL,NULL,NULL,NULL,715,NULL,NULL,NULL,NULL),('37000.170','forcontentid','10007.33',NULL,NULL,NULL,NULL,714,NULL,NULL,NULL,NULL),('35000.57','username','Haymo Meran',NULL,NULL,NULL,NULL,716,NULL,NULL,NULL,NULL),('35000.57','text',NULL,NULL,NULL,NULL,NULL,717,'I helped to relaunch the website - uff ...  a lot of work',NULL,NULL,NULL),('35000.57','ts',NULL,NULL,NULL,NULL,NULL,718,NULL,NULL,NULL,'2010-10-29 18:37:47'),('35000.57','forcontentid','10007.33',NULL,NULL,NULL,NULL,719,NULL,NULL,NULL,NULL),('35000.57','useremail','h.meran@gentics.com',NULL,NULL,NULL,NULL,720,NULL,NULL,NULL,NULL),('35000.57','userid',NULL,NULL,31,NULL,NULL,721,NULL,NULL,NULL,NULL),('35000.58','username','Klaus-M. Schremser',NULL,NULL,NULL,NULL,722,NULL,NULL,NULL,NULL),('35000.58','text',NULL,NULL,NULL,NULL,NULL,723,'Jeder Kommentar ist willkommen.',NULL,NULL,NULL),('35000.58','ts',NULL,NULL,NULL,NULL,NULL,724,NULL,NULL,NULL,'2010-10-29 18:38:10'),('35000.58','forcontentid','10007.37',NULL,NULL,NULL,NULL,725,NULL,NULL,NULL,NULL),('35000.58','useremail','km.schremser@gentics.com',NULL,NULL,NULL,NULL,726,NULL,NULL,NULL,NULL),('35000.58','userid',NULL,NULL,25,NULL,NULL,727,NULL,NULL,NULL,NULL),('37000.171','forcontentid','10007.25',NULL,NULL,NULL,NULL,728,NULL,NULL,NULL,NULL),('37000.171','name','Gentics Content.Node',NULL,NULL,NULL,NULL,729,NULL,NULL,NULL,NULL),('37000.172','forcontentid','10007.25',NULL,NULL,NULL,NULL,730,NULL,NULL,NULL,NULL),('37000.172','name','Aloha Editor',NULL,NULL,NULL,NULL,731,NULL,NULL,NULL,NULL),('37000.173','forcontentid','10007.25',NULL,NULL,NULL,NULL,732,NULL,NULL,NULL,NULL),('37000.173','name','Willkommen',NULL,NULL,NULL,NULL,733,NULL,NULL,NULL,NULL),('37000.174','forcontentid','10007.16',NULL,NULL,NULL,NULL,734,NULL,NULL,NULL,NULL),('37000.174','name','news',NULL,NULL,NULL,NULL,735,NULL,NULL,NULL,NULL),('37000.175','forcontentid','10007.16',NULL,NULL,NULL,NULL,736,NULL,NULL,NULL,NULL),('37000.175','name','overview',NULL,NULL,NULL,NULL,737,NULL,NULL,NULL,NULL),('36000.45','username','Klaus-M. Schremser',NULL,NULL,NULL,NULL,738,NULL,NULL,NULL,NULL),('36000.45','forcontentid','10007.16',NULL,NULL,NULL,NULL,739,NULL,NULL,NULL,NULL),('36000.45','useremail','km.schremser@gentics.com',NULL,NULL,NULL,NULL,740,NULL,NULL,NULL,NULL),('36000.45','userid',NULL,NULL,25,NULL,NULL,741,NULL,NULL,NULL,NULL),('35000.59','username','Klaus-M. Schremser',NULL,NULL,NULL,NULL,742,NULL,NULL,NULL,NULL),('35000.59','text',NULL,NULL,NULL,NULL,NULL,743,'Thanks to everybody who helped to bring this awesome website to life!',NULL,NULL,NULL),('35000.59','ts',NULL,NULL,NULL,NULL,NULL,744,NULL,NULL,NULL,'2010-11-01 16:16:22'),('35000.59','forcontentid','10007.33',NULL,NULL,NULL,NULL,745,NULL,NULL,NULL,NULL),('35000.59','useremail','km.schremser@gentics.com',NULL,NULL,NULL,NULL,746,NULL,NULL,NULL,NULL),('35000.59','userid',NULL,NULL,25,NULL,NULL,747,NULL,NULL,NULL,NULL),('35000.60','username','Klaus-M. Schremser',NULL,NULL,NULL,NULL,748,NULL,NULL,NULL,NULL),('35000.60','text',NULL,NULL,NULL,NULL,NULL,749,'Danke an jeden, der geholfen hat, diese großartige Seite zu erstellen.\n',NULL,NULL,NULL),('35000.60','ts',NULL,NULL,NULL,NULL,NULL,750,NULL,NULL,NULL,'2010-11-01 16:16:47'),('35000.60','forcontentid','10007.28',NULL,NULL,NULL,NULL,751,NULL,NULL,NULL,NULL),('35000.60','useremail','km.schremser@gentics.com',NULL,NULL,NULL,NULL,752,NULL,NULL,NULL,NULL),('35000.60','userid',NULL,NULL,25,NULL,NULL,753,NULL,NULL,NULL,NULL),('36000.46','username','Klaus-M. Schremser',NULL,NULL,NULL,NULL,754,NULL,NULL,NULL,NULL),('36000.46','forcontentid','10007.31',NULL,NULL,NULL,NULL,755,NULL,NULL,NULL,NULL),('36000.46','useremail','km.schremser@gentics.com',NULL,NULL,NULL,NULL,756,NULL,NULL,NULL,NULL),('36000.46','userid',NULL,NULL,25,NULL,NULL,757,NULL,NULL,NULL,NULL),('35000.61','username','Klaus-M. Schremser',NULL,NULL,NULL,NULL,758,NULL,NULL,NULL,NULL),('35000.61','text',NULL,NULL,NULL,NULL,NULL,759,'Die Enterprise 2.0 Features der Website sind großartig! ',NULL,NULL,NULL),('35000.61','ts',NULL,NULL,NULL,NULL,NULL,760,NULL,NULL,NULL,'2010-11-01 16:17:26'),('35000.61','forcontentid','10007.31',NULL,NULL,NULL,NULL,761,NULL,NULL,NULL,NULL),('35000.61','useremail','km.schremser@gentics.com',NULL,NULL,NULL,NULL,762,NULL,NULL,NULL,NULL),('35000.61','userid',NULL,NULL,25,NULL,NULL,763,NULL,NULL,NULL,NULL),('35000.62','username','Klaus-M. Schremser',NULL,NULL,NULL,NULL,764,NULL,NULL,NULL,NULL),('35000.62','text',NULL,NULL,NULL,NULL,NULL,765,'Great project! Great Enterprise 2.0 features.',NULL,NULL,NULL),('35000.62','ts',NULL,NULL,NULL,NULL,NULL,766,NULL,NULL,NULL,'2010-11-01 16:17:53'),('35000.62','forcontentid','10007.17',NULL,NULL,NULL,NULL,767,NULL,NULL,NULL,NULL),('35000.62','useremail','km.schremser@gentics.com',NULL,NULL,NULL,NULL,768,NULL,NULL,NULL,NULL),('35000.62','userid',NULL,NULL,25,NULL,NULL,769,NULL,NULL,NULL,NULL),('37000.176','forcontentid','10007.39',NULL,NULL,NULL,NULL,770,NULL,NULL,NULL,NULL),('37000.176','name','east',NULL,NULL,NULL,NULL,771,NULL,NULL,NULL,NULL),('37000.177','forcontentid','10007.39',NULL,NULL,NULL,NULL,772,NULL,NULL,NULL,NULL),('37000.177','name',' syria',NULL,NULL,NULL,NULL,773,NULL,NULL,NULL,NULL),('37000.179','forcontentid','10007.39',NULL,NULL,NULL,NULL,776,NULL,NULL,NULL,NULL),('37000.179','name','new market',NULL,NULL,NULL,NULL,777,NULL,NULL,NULL,NULL),('35000.63','username','Janus Boye',NULL,NULL,NULL,NULL,778,NULL,NULL,NULL,NULL),('35000.63','text',NULL,NULL,NULL,NULL,NULL,779,'Das Gentics-Team hat einfach mein Profil verwendet, um hier Kommentare zu schreiben. Das lasse ich nur durchgehen, weil Klaus-M. gerade am Weg nach Aarhus / Dänemark ist und bei meiner Konferenz teilnimmt.\nhttp://www.jboye.com',NULL,NULL,NULL),('35000.63','ts',NULL,NULL,NULL,NULL,NULL,780,NULL,NULL,NULL,'2010-11-01 16:20:53'),('35000.63','forcontentid','10007.27',NULL,NULL,NULL,NULL,781,NULL,NULL,NULL,NULL),('35000.63','useremail','jb@jboye.dk',NULL,NULL,NULL,NULL,782,NULL,NULL,NULL,NULL),('35000.63','userid',NULL,NULL,30,NULL,NULL,783,NULL,NULL,NULL,NULL),('35000.64','username','Janus Boye',NULL,NULL,NULL,NULL,784,NULL,NULL,NULL,NULL),('35000.64','text',NULL,NULL,NULL,NULL,NULL,785,'These Gentics guys used my profile to post a comment here. I won\'t punish them right now because Klaus-M. is visiting my knowledge sharing summit in Aarhus / Denmark!',NULL,NULL,NULL),('35000.64','ts',NULL,NULL,NULL,NULL,NULL,786,NULL,NULL,NULL,'2010-11-01 16:23:04'),('35000.64','forcontentid','10007.16',NULL,NULL,NULL,NULL,787,NULL,NULL,NULL,NULL),('35000.64','useremail','jb@jboye.dk',NULL,NULL,NULL,NULL,788,NULL,NULL,NULL,NULL),('35000.64','userid',NULL,NULL,30,NULL,NULL,789,NULL,NULL,NULL,NULL),('36000.47','username','Klaus-M. Schremser',NULL,NULL,NULL,NULL,790,NULL,NULL,NULL,NULL),('36000.47','forcontentid','10007.34',NULL,NULL,NULL,NULL,791,NULL,NULL,NULL,NULL),('36000.47','useremail','km.schremser@gentics.com',NULL,NULL,NULL,NULL,792,NULL,NULL,NULL,NULL),('36000.47','userid',NULL,NULL,25,NULL,NULL,793,NULL,NULL,NULL,NULL),('37000.180','forcontentid','10007.6',NULL,NULL,NULL,NULL,794,NULL,NULL,NULL,NULL),('37000.180','name','finance',NULL,NULL,NULL,NULL,795,NULL,NULL,NULL,NULL),('37000.181','forcontentid','10007.6',NULL,NULL,NULL,NULL,796,NULL,NULL,NULL,NULL),('37000.181','name','department',NULL,NULL,NULL,NULL,797,NULL,NULL,NULL,NULL),('37000.182','forcontentid','10007.6',NULL,NULL,NULL,NULL,798,NULL,NULL,NULL,NULL),('37000.182','name','reports',NULL,NULL,NULL,NULL,799,NULL,NULL,NULL,NULL),('37000.183','forcontentid','10007.59',NULL,NULL,NULL,NULL,800,NULL,NULL,NULL,NULL),('37000.183','name','finanz',NULL,NULL,NULL,NULL,801,NULL,NULL,NULL,NULL),('37000.186','forcontentid','10007.59',NULL,NULL,NULL,NULL,806,NULL,NULL,NULL,NULL),('37000.185','forcontentid','10007.59',NULL,NULL,NULL,NULL,804,NULL,NULL,NULL,NULL),('37000.185','name','abteilung',NULL,NULL,NULL,NULL,805,NULL,NULL,NULL,NULL),('37000.186','name','finanzberichte',NULL,NULL,NULL,NULL,807,NULL,NULL,NULL,NULL),('37000.187','forcontentid','10007.50',NULL,NULL,NULL,NULL,808,NULL,NULL,NULL,NULL),('37000.187','name','marketing',NULL,NULL,NULL,NULL,809,NULL,NULL,NULL,NULL),('37000.188','forcontentid','10007.50',NULL,NULL,NULL,NULL,810,NULL,NULL,NULL,NULL),('37000.188','name','abteilung',NULL,NULL,NULL,NULL,811,NULL,NULL,NULL,NULL),('37000.189','forcontentid','10007.50',NULL,NULL,NULL,NULL,812,NULL,NULL,NULL,NULL),('37000.189','name','grafisch',NULL,NULL,NULL,NULL,813,NULL,NULL,NULL,NULL),('37000.190','forcontentid','10007.5',NULL,NULL,NULL,NULL,814,NULL,NULL,NULL,NULL),('37000.190','name','marketing',NULL,NULL,NULL,NULL,815,NULL,NULL,NULL,NULL),('37000.191','forcontentid','10007.5',NULL,NULL,NULL,NULL,816,NULL,NULL,NULL,NULL),('37000.191','name','department',NULL,NULL,NULL,NULL,817,NULL,NULL,NULL,NULL),('37000.192','forcontentid','10007.5',NULL,NULL,NULL,NULL,818,NULL,NULL,NULL,NULL),('37000.192','name','graphics',NULL,NULL,NULL,NULL,819,NULL,NULL,NULL,NULL),('37000.193','forcontentid','10007.60',NULL,NULL,NULL,NULL,820,NULL,NULL,NULL,NULL),('37000.193','name','Aloha Editor',NULL,NULL,NULL,NULL,821,NULL,NULL,NULL,NULL),('36000.48','username','Alexander Szlezak',NULL,NULL,NULL,NULL,822,NULL,NULL,NULL,NULL),('36000.48','forcontentid','10007.60',NULL,NULL,NULL,NULL,823,NULL,NULL,NULL,NULL),('36000.48','useremail','a.szlezak@gentics.com',NULL,NULL,NULL,NULL,824,NULL,NULL,NULL,NULL),('36000.48','userid',NULL,NULL,27,NULL,NULL,825,NULL,NULL,NULL,NULL),('37000.194','forcontentid','10007.62',NULL,NULL,NULL,NULL,826,NULL,NULL,NULL,NULL),('37000.194','name','product',NULL,NULL,NULL,NULL,827,NULL,NULL,NULL,NULL),('37000.195','forcontentid','10007.62',NULL,NULL,NULL,NULL,828,NULL,NULL,NULL,NULL),('37000.195','name','Gentics Content.Node',NULL,NULL,NULL,NULL,829,NULL,NULL,NULL,NULL),('37000.196','forcontentid','10007.62',NULL,NULL,NULL,NULL,830,NULL,NULL,NULL,NULL),('37000.196','name','CMS',NULL,NULL,NULL,NULL,831,NULL,NULL,NULL,NULL),('37000.197','forcontentid','10007.70',NULL,NULL,NULL,NULL,832,NULL,NULL,NULL,NULL),('37000.197','name','super',NULL,NULL,NULL,NULL,833,NULL,NULL,NULL,NULL),('37000.198','forcontentid','10007.70',NULL,NULL,NULL,NULL,834,NULL,NULL,NULL,NULL),('37000.198','name','duper',NULL,NULL,NULL,NULL,835,NULL,NULL,NULL,NULL),('35000.65','username','Node Admin',NULL,NULL,NULL,NULL,836,NULL,NULL,NULL,NULL),('35000.65','text',NULL,NULL,NULL,NULL,NULL,837,'testkommentar',NULL,NULL,NULL),('35000.65','ts',NULL,NULL,NULL,NULL,NULL,838,NULL,NULL,NULL,'2010-11-02 16:45:18'),('35000.65','forcontentid','10007.71',NULL,NULL,NULL,NULL,839,NULL,NULL,NULL,NULL),('35000.65','useremail','node@gentics.com',NULL,NULL,NULL,NULL,840,NULL,NULL,NULL,NULL),('35000.65','userid',NULL,NULL,3,NULL,NULL,841,NULL,NULL,NULL,NULL),('37000.199','forcontentid','10007.72',NULL,NULL,NULL,NULL,842,NULL,NULL,NULL,NULL),('37000.199','name','news',NULL,NULL,NULL,NULL,843,NULL,NULL,NULL,NULL),('37000.201','forcontentid','10007.95',NULL,NULL,NULL,NULL,846,NULL,NULL,NULL,NULL),('37000.201','name','doka',NULL,NULL,NULL,NULL,847,NULL,NULL,NULL,NULL),('37000.202','forcontentid','10007.95',NULL,NULL,NULL,NULL,848,NULL,NULL,NULL,NULL),('37000.202','name','schalung',NULL,NULL,NULL,NULL,849,NULL,NULL,NULL,NULL),('37000.203','forcontentid','10007.95',NULL,NULL,NULL,NULL,850,NULL,NULL,NULL,NULL),('37000.203','name','spanien',NULL,NULL,NULL,NULL,851,NULL,NULL,NULL,NULL),('35000.66','username','Manuel Aghamanoukjan',NULL,NULL,NULL,NULL,852,NULL,NULL,NULL,NULL),('35000.66','text',NULL,NULL,NULL,NULL,NULL,853,'Ich hätte aber gerne noch ein Video in dem Artikel',NULL,NULL,NULL),('35000.66','ts',NULL,NULL,NULL,NULL,NULL,854,NULL,NULL,NULL,'2010-11-05 11:38:39'),('35000.66','forcontentid','10007.96',NULL,NULL,NULL,NULL,855,NULL,NULL,NULL,NULL),('35000.66','useremail','m.aghamanoukjan@gentics.com',NULL,NULL,NULL,NULL,856,NULL,NULL,NULL,NULL),('35000.66','userid',NULL,NULL,28,NULL,NULL,857,NULL,NULL,NULL,NULL),('37000.207','name','CMS',NULL,NULL,NULL,NULL,865,NULL,NULL,NULL,NULL),('37000.207','forcontentid','10007.61',NULL,NULL,NULL,NULL,864,NULL,NULL,NULL,NULL),('37000.206','forcontentid','10007.61',NULL,NULL,NULL,NULL,862,NULL,NULL,NULL,NULL),('37000.206','name','Produkte',NULL,NULL,NULL,NULL,863,NULL,NULL,NULL,NULL),('37000.209','name','Gentics Content.Node',NULL,NULL,NULL,NULL,869,NULL,NULL,NULL,NULL),('37000.209','forcontentid','10007.61',NULL,NULL,NULL,NULL,868,NULL,NULL,NULL,NULL),('37000.210','forcontentid','10007.63',NULL,NULL,NULL,NULL,870,NULL,NULL,NULL,NULL),('37000.210','name','Aloha Editor',NULL,NULL,NULL,NULL,871,NULL,NULL,NULL,NULL),('37000.211','forcontentid','10007.63',NULL,NULL,NULL,NULL,872,NULL,NULL,NULL,NULL),('37000.211','name','Online Editor',NULL,NULL,NULL,NULL,873,NULL,NULL,NULL,NULL),('37000.212','forcontentid','10007.63',NULL,NULL,NULL,NULL,874,NULL,NULL,NULL,NULL),('37000.212','name','JavaScript',NULL,NULL,NULL,NULL,875,NULL,NULL,NULL,NULL),('36000.49','username','Max Mustermann',NULL,NULL,NULL,NULL,876,NULL,NULL,NULL,NULL),('36000.49','forcontentid','10007.16',NULL,NULL,NULL,NULL,877,NULL,NULL,NULL,NULL),('36000.50','username','Max Mustermann',NULL,NULL,NULL,NULL,878,NULL,NULL,NULL,NULL),('36000.50','forcontentid','10007.62',NULL,NULL,NULL,NULL,879,NULL,NULL,NULL,NULL),('36000.51','username','Max Mustermann',NULL,NULL,NULL,NULL,880,NULL,NULL,NULL,NULL),('36000.51','forcontentid','10007.1',NULL,NULL,NULL,NULL,881,NULL,NULL,NULL,NULL),('36000.52','username','Max Mustermann',NULL,NULL,NULL,NULL,882,NULL,NULL,NULL,NULL),('36000.52','forcontentid','10007.16',NULL,NULL,NULL,NULL,883,NULL,NULL,NULL,NULL),('36000.53','username','Max Mustermann',NULL,NULL,NULL,NULL,884,NULL,NULL,NULL,NULL),('36000.53','forcontentid','10007.1',NULL,NULL,NULL,NULL,885,NULL,NULL,NULL,NULL),('36000.54','username','Max Mustermann',NULL,NULL,NULL,NULL,886,NULL,NULL,NULL,NULL),('36000.54','forcontentid','10007.1',NULL,NULL,NULL,NULL,887,NULL,NULL,NULL,NULL),('36000.55','username','Max Mustermann',NULL,NULL,NULL,NULL,888,NULL,NULL,NULL,NULL),('36000.55','forcontentid','10007.3',NULL,NULL,NULL,NULL,889,NULL,NULL,NULL,NULL),('37000.213','forcontentid','10007.3',NULL,NULL,NULL,NULL,890,NULL,NULL,NULL,NULL),('37000.213','name','Blog',NULL,NULL,NULL,NULL,891,NULL,NULL,NULL,NULL),('37000.214','forcontentid','10007.3',NULL,NULL,NULL,NULL,892,NULL,NULL,NULL,NULL),('37000.214','name','enterprise 2.0',NULL,NULL,NULL,NULL,893,NULL,NULL,NULL,NULL),('37000.215','forcontentid','10007.3',NULL,NULL,NULL,NULL,894,NULL,NULL,NULL,NULL),('37000.215','name','web 2.0',NULL,NULL,NULL,NULL,895,NULL,NULL,NULL,NULL),('36000.56','username','Demo Node',NULL,NULL,NULL,NULL,896,NULL,NULL,NULL,NULL),('36000.56','forcontentid','10007.72',NULL,NULL,NULL,NULL,897,NULL,NULL,NULL,NULL),('36000.56','userid',NULL,NULL,24,NULL,NULL,898,NULL,NULL,NULL,NULL),('36000.57','username','Demo Node',NULL,NULL,NULL,NULL,899,NULL,NULL,NULL,NULL),('36000.57','forcontentid','10007.63',NULL,NULL,NULL,NULL,900,NULL,NULL,NULL,NULL),('36000.57','userid',NULL,NULL,24,NULL,NULL,901,NULL,NULL,NULL,NULL),('36000.58','username','Max Mustermann',NULL,NULL,NULL,NULL,902,NULL,NULL,NULL,NULL),('36000.58','forcontentid','10007.1',NULL,NULL,NULL,NULL,903,NULL,NULL,NULL,NULL),('36000.59','username','Max Mustermann',NULL,NULL,NULL,NULL,904,NULL,NULL,NULL,NULL),('36000.59','forcontentid','10007.1',NULL,NULL,NULL,NULL,905,NULL,NULL,NULL,NULL),('36000.60','username','Node Admin',NULL,NULL,NULL,NULL,906,NULL,NULL,NULL,NULL),('36000.60','forcontentid','10007.1',NULL,NULL,NULL,NULL,907,NULL,NULL,NULL,NULL),('36000.60','useremail','node@gentics.com',NULL,NULL,NULL,NULL,908,NULL,NULL,NULL,NULL),('36000.60','userid',NULL,NULL,3,NULL,NULL,909,NULL,NULL,NULL,NULL),('37000.216','forcontentid','10007.108',NULL,NULL,NULL,NULL,910,NULL,NULL,NULL,NULL),('37000.216','name','welcome',NULL,NULL,NULL,NULL,911,NULL,NULL,NULL,NULL);
/*!40000 ALTER TABLE `contentattribute` ENABLE KEYS */;
UNLOCK TABLES;

--
-- Table structure for table `contentattributetype`
--

DROP TABLE IF EXISTS `contentattributetype`;
/*!40101 SET @saved_cs_client     = @@character_set_client */;
/*!40101 SET character_set_client = utf8 */;
CREATE TABLE `contentattributetype` (
  `name` varchar(255) DEFAULT NULL,
  `attributetype` int(11) DEFAULT NULL,
  `optimized` int(11) DEFAULT NULL,
  `quickname` varchar(255) DEFAULT NULL,
  `multivalue` int(11) NOT NULL DEFAULT '0',
  `objecttype` int(11) NOT NULL DEFAULT '0',
  `linkedobjecttype` int(11) NOT NULL DEFAULT '0',
  `foreignlinkattribute` varchar(255) DEFAULT NULL,
  `foreignlinkattributerule` mediumtext,
  `exclude_versioning` int(11) NOT NULL DEFAULT '0'
) ENGINE=MyISAM DEFAULT CHARSET=utf8;
/*!40101 SET character_set_client = @saved_cs_client */;

--
-- Dumping data for table `contentattributetype`
--

LOCK TABLES `contentattributetype` WRITE;
/*!40000 ALTER TABLE `contentattributetype` DISABLE KEYS */;
INSERT INTO `contentattributetype` VALUES ('userid',3,0,NULL,0,35000,0,NULL,NULL,0),('useremail',1,0,NULL,0,35000,0,NULL,NULL,0),('text',5,0,NULL,0,35000,0,NULL,NULL,0),('forcontentid',1,0,NULL,0,35000,0,NULL,NULL,0),('ts',10,NULL,NULL,0,35000,0,NULL,NULL,0),('username',1,NULL,NULL,0,35000,0,NULL,NULL,0),('forcontentid',1,0,NULL,0,36000,0,NULL,NULL,0),('userid',3,NULL,NULL,0,36000,0,NULL,NULL,0),('username',1,NULL,NULL,0,36000,0,NULL,NULL,0),('useremail',1,NULL,NULL,0,36000,0,NULL,NULL,0),('name',1,NULL,NULL,0,37000,0,NULL,NULL,0),('forcontentid',1,NULL,NULL,0,37000,0,NULL,NULL,0);
/*!40000 ALTER TABLE `contentattributetype` ENABLE KEYS */;
UNLOCK TABLES;

--
-- Table structure for table `contentmap`
--

DROP TABLE IF EXISTS `contentmap`;
/*!40101 SET @saved_cs_client     = @@character_set_client */;
/*!40101 SET character_set_client = utf8 */;
CREATE TABLE `contentmap` (
  `contentid` varchar(32) NOT NULL DEFAULT '',
  `obj_id` int(11) NOT NULL DEFAULT '0',
  `obj_type` int(11) NOT NULL DEFAULT '0',
  `motherid` varchar(32) DEFAULT NULL,
  `mother_obj_id` int(11) NOT NULL DEFAULT '0',
  `mother_obj_type` int(11) NOT NULL DEFAULT '0',
  `updatetimestamp` int(11) NOT NULL DEFAULT '0',
  `id` int(11) NOT NULL AUTO_INCREMENT,
  PRIMARY KEY (`id`),
  UNIQUE KEY `contentmap_idx2` (`contentid`),
  KEY `obj_type` (`obj_type`),
  KEY `contentmap_idx5` (`motherid`,`contentid`),
  KEY `contentmap_idx3` (`obj_id`)
) ENGINE=MyISAM AUTO_INCREMENT=342 DEFAULT CHARSET=utf8;
/*!40101 SET character_set_client = @saved_cs_client */;

--
-- Dumping data for table `contentmap`
--

LOCK TABLES `contentmap` WRITE;
/*!40000 ALTER TABLE `contentmap` DISABLE KEYS */;
INSERT INTO `contentmap` VALUES ('36000.1',1,36000,'',0,0,1283873301,30),('36000.2',2,36000,'',0,0,1283873302,31),('36000.3',3,36000,'',0,0,1283873303,32),('36000.4',4,36000,'',0,0,1283873981,33),('36000.5',5,36000,'',0,0,1283874027,34),('36000.6',6,36000,'',0,0,1283874034,35),('36000.7',7,36000,'',0,0,1283874034,36),('36000.8',8,36000,'',0,0,1283874034,37),('36000.9',9,36000,'',0,0,1283874035,38),('36000.10',10,36000,'',0,0,1283874035,39),('36000.11',11,36000,'',0,0,1283874035,40),('36000.12',12,36000,'',0,0,1283935996,42),('36000.13',13,36000,'',0,0,1283936010,43),('36000.14',14,36000,'',0,0,1283936478,44),('36000.15',15,36000,'',0,0,1283936480,45),('36000.16',16,36000,'',0,0,1283936560,46),('36000.17',17,36000,'',0,0,1283936562,47),('36000.18',18,36000,'',0,0,1283956413,50),('36000.19',19,36000,'',0,0,1283956421,51),('36000.20',20,36000,'',0,0,1283956881,52),('36000.21',21,36000,'',0,0,1283956897,53),('36000.22',22,36000,'',0,0,1283956971,54),('36000.23',23,36000,'',0,0,1283957133,55),('36000.24',24,36000,'',0,0,1283957248,56),('36000.25',25,36000,'',0,0,1283957277,57),('36000.26',26,36000,'',0,0,1283957307,58),('36000.27',27,36000,'',0,0,1283957329,59),('36000.28',28,36000,'',0,0,1283957923,60),('36000.29',29,36000,'',0,0,1283957972,61),('36000.30',30,36000,'',0,0,1283959529,62),('36000.31',31,36000,'',0,0,1283959552,63),('36000.32',32,36000,'',0,0,1284023892,64),('35000.44',44,35000,'',0,0,1286340662,198),('35000.42',42,35000,'',0,0,1284724664,178),('36000.38',38,36000,'',0,0,1286339771,193),('35000.41',41,35000,'',0,0,1284635772,173),('35000.40',40,35000,'',0,0,1284371243,160),('36000.39',39,36000,'',0,0,1287743495,208),('35000.39',39,35000,'',0,0,1284370633,157),('35000.43',43,35000,'',0,0,1285604792,182),('36000.33',33,36000,'',0,0,1285841423,183),('36000.34',34,36000,'',0,0,1285935160,184),('36000.35',35,36000,'',0,0,1285935166,185),('36000.36',36,36000,'',0,0,1285935169,186),('36000.37',37,36000,'',0,0,1285935170,187),('37000.127',127,37000,'',0,0,1288195303,211),('37000.114',114,37000,'',0,0,1286340386,194),('37000.113',113,37000,'',0,0,1285936052,192),('37000.134',134,37000,'',0,0,1288359359,221),('37000.125',125,37000,'',0,0,1286538260,206),('35000.48',48,35000,'',0,0,1288356995,216),('37000.123',123,37000,'',0,0,1286538253,204),('35000.45',45,35000,'',0,0,1287743515,209),('35000.46',46,35000,'',0,0,1287749357,210),('37000.128',128,37000,'',0,0,1288195307,212),('37000.129',129,37000,'',0,0,1288195313,213),('35000.47',47,35000,'',0,0,1288257788,214),('37000.130',130,37000,'',0,0,1288257791,215),('36000.40',40,36000,'',0,0,1288357002,217),('37000.131',131,37000,'',0,0,1288357446,218),('37000.132',132,37000,'',0,0,1288357450,219),('37000.133',133,37000,'',0,0,1288359342,220),('35000.49',49,35000,'',0,0,1288359367,222),('37000.135',135,37000,'',0,0,1288361986,223),('37000.136',136,37000,'',0,0,1288361988,224),('37000.137',137,37000,'',0,0,1288362909,225),('37000.138',138,37000,'',0,0,1288362934,226),('37000.140',140,37000,'',0,0,1288363122,228),('35000.50',50,35000,'',0,0,1288364201,229),('35000.51',51,35000,'',0,0,1288364283,230),('37000.141',141,37000,'',0,0,1288364316,231),('37000.142',142,37000,'',0,0,1288364317,232),('37000.143',143,37000,'',0,0,1288364321,233),('37000.144',144,37000,'',0,0,1288364363,234),('37000.145',145,37000,'',0,0,1288364366,235),('37000.146',146,37000,'',0,0,1288364368,236),('37000.147',147,37000,'',0,0,1288367068,237),('37000.148',148,37000,'',0,0,1288367072,238),('37000.149',149,37000,'',0,0,1288367075,239),('35000.52',52,35000,'',0,0,1288367118,240),('37000.150',150,37000,'',0,0,1288367408,241),('37000.151',151,37000,'',0,0,1288367415,242),('37000.152',152,37000,'',0,0,1288367475,243),('37000.154',154,37000,'',0,0,1288367484,245),('37000.155',155,37000,'',0,0,1288367542,246),('37000.156',156,37000,'',0,0,1288367548,247),('37000.157',157,37000,'',0,0,1288367551,248),('36000.41',41,36000,'',0,0,1288367739,249),('37000.158',158,37000,'',0,0,1288367890,250),('37000.159',159,37000,'',0,0,1288367893,251),('36000.42',42,36000,'',0,0,1288368010,252),('35000.53',53,35000,'',0,0,1288369967,253),('37000.160',160,37000,'',0,0,1288369976,254),('37000.161',161,37000,'',0,0,1288369982,255),('37000.162',162,37000,'',0,0,1288369985,256),('37000.163',163,37000,'',0,0,1288369991,257),('37000.164',164,37000,'',0,0,1288370006,258),('37000.165',165,37000,'',0,0,1288370010,259),('37000.166',166,37000,'',0,0,1288370015,260),('37000.167',167,37000,'',0,0,1288370016,261),('35000.54',54,35000,'',0,0,1288370129,262),('36000.43',43,36000,'',0,0,1288370130,263),('35000.55',55,35000,'',0,0,1288370177,264),('36000.44',44,36000,'',0,0,1288370179,265),('35000.56',56,35000,'',0,0,1288370211,266),('37000.170',170,37000,'',0,0,1288370245,269),('35000.57',57,35000,'',0,0,1288370267,270),('35000.58',58,35000,'',0,0,1288370290,271),('37000.171',171,37000,'',0,0,1288558987,272),('37000.172',172,37000,'',0,0,1288558992,273),('37000.173',173,37000,'',0,0,1288559006,274),('37000.174',174,37000,'',0,0,1288560409,275),('37000.175',175,37000,'',0,0,1288560412,276),('36000.45',45,36000,'',0,0,1288560419,277),('35000.59',59,35000,'',0,0,1288624582,278),('35000.60',60,35000,'',0,0,1288624607,279),('36000.46',46,36000,'',0,0,1288624625,280),('35000.61',61,35000,'',0,0,1288624646,281),('35000.62',62,35000,'',0,0,1288624673,282),('37000.176',176,37000,'',0,0,1288624691,283),('37000.177',177,37000,'',0,0,1288624693,284),('37000.179',179,37000,'',0,0,1288624701,286),('35000.63',63,35000,'',0,0,1288624853,287),('35000.64',64,35000,'',0,0,1288624984,288),('36000.47',47,36000,'',0,0,1288626544,289),('37000.180',180,37000,'',0,0,1288632656,290),('37000.181',181,37000,'',0,0,1288632661,291),('37000.182',182,37000,'',0,0,1288632662,292),('37000.183',183,37000,'',0,0,1288632754,293),('37000.186',186,37000,'',0,0,1288632770,296),('37000.185',185,37000,'',0,0,1288632760,295),('37000.187',187,37000,'',0,0,1288632785,297),('37000.188',188,37000,'',0,0,1288632786,298),('37000.189',189,37000,'',0,0,1288632794,299),('37000.190',190,37000,'',0,0,1288632806,300),('37000.191',191,37000,'',0,0,1288632809,301),('37000.192',192,37000,'',0,0,1288632816,302),('37000.193',193,37000,'',0,0,1288639936,303),('36000.48',48,36000,'',0,0,1288639936,304),('37000.194',194,37000,'',0,0,1288643547,305),('37000.195',195,37000,'',0,0,1288643552,306),('37000.196',196,37000,'',0,0,1288643556,307),('37000.197',197,37000,'',0,0,1288712649,308),('37000.198',198,37000,'',0,0,1288712652,309),('35000.65',65,35000,'',0,0,1288712718,310),('37000.199',199,37000,'',0,0,1288712924,311),('37000.201',201,37000,'',0,0,1288951563,313),('37000.202',202,37000,'',0,0,1288951569,314),('37000.203',203,37000,'',0,0,1288951571,315),('35000.66',66,35000,'',0,0,1288953519,316),('37000.207',207,37000,'',0,0,1304000131,320),('37000.206',206,37000,'',0,0,1304000128,319),('37000.209',209,37000,'',0,0,1304000141,322),('37000.210',210,37000,'',0,0,1304005191,323),('37000.211',211,37000,'',0,0,1304005197,324),('37000.212',212,37000,'',0,0,1304005201,325),('36000.49',49,36000,'',0,0,1304192393,326),('36000.50',50,36000,'',0,0,1306043340,327),('36000.51',51,36000,'',0,0,1316011406,328),('36000.52',52,36000,'',0,0,1316011577,329),('36000.53',53,36000,'',0,0,1316011586,330),('36000.54',54,36000,'',0,0,1316011606,331),('36000.55',55,36000,'',0,0,1316012092,332),('37000.213',213,37000,'',0,0,1316014131,333),('37000.214',214,37000,'',0,0,1316014135,334),('37000.215',215,37000,'',0,0,1316014142,335),('36000.56',56,36000,'',0,0,1316014223,336),('36000.57',57,36000,'',0,0,1316086607,337),('36000.58',58,36000,'',0,0,1319464886,338),('36000.59',59,36000,'',0,0,1319464910,339),('36000.60',60,36000,'',0,0,1323164817,340),('37000.216',216,37000,'',0,0,1323427515,341);
/*!40000 ALTER TABLE `contentmap` ENABLE KEYS */;
UNLOCK TABLES;

--
-- Table structure for table `contentobject`
--

DROP TABLE IF EXISTS `contentobject`;
/*!40101 SET @saved_cs_client     = @@character_set_client */;
/*!40101 SET character_set_client = utf8 */;
CREATE TABLE `contentobject` (
  `type` int(11) NOT NULL DEFAULT '0',
  `name` varchar(32) DEFAULT NULL,
  `exclude_versioning` int(11) NOT NULL DEFAULT '0',
  `id_counter` int(11) NOT NULL DEFAULT '0',
  PRIMARY KEY (`type`)
) ENGINE=MyISAM DEFAULT CHARSET=utf8;
/*!40101 SET character_set_client = @saved_cs_client */;

--
-- Dumping data for table `contentobject`
--

LOCK TABLES `contentobject` WRITE;
/*!40000 ALTER TABLE `contentobject` DISABLE KEYS */;
INSERT INTO `contentobject` VALUES (35000,'comment',1,66),(36000,'like',1,60),(37000,'tag',1,216);
/*!40000 ALTER TABLE `contentobject` ENABLE KEYS */;
UNLOCK TABLES;

--
-- Table structure for table `contentstatus`
--

DROP TABLE IF EXISTS `contentstatus`;
/*!40101 SET @saved_cs_client     = @@character_set_client */;
/*!40101 SET character_set_client = utf8 */;
CREATE TABLE `contentstatus` (
  `name` varchar(255) NOT NULL DEFAULT '',
  `stringvalue` mediumtext,
  `intvalue` int(11) DEFAULT NULL,
  PRIMARY KEY (`name`)
) ENGINE=InnoDB DEFAULT CHARSET=utf8;
/*!40101 SET character_set_client = @saved_cs_client */;

--
-- Dumping data for table `contentstatus`
--

LOCK TABLES `contentstatus` WRITE;
/*!40000 ALTER TABLE `contentstatus` DISABLE KEYS */;
/*!40000 ALTER TABLE `contentstatus` ENABLE KEYS */;
UNLOCK TABLES;
/*!40103 SET TIME_ZONE=@OLD_TIME_ZONE */;

/*!40101 SET SQL_MODE=@OLD_SQL_MODE */;
/*!40014 SET FOREIGN_KEY_CHECKS=@OLD_FOREIGN_KEY_CHECKS */;
/*!40014 SET UNIQUE_CHECKS=@OLD_UNIQUE_CHECKS */;
/*!40101 SET CHARACTER_SET_CLIENT=@OLD_CHARACTER_SET_CLIENT */;
/*!40101 SET CHARACTER_SET_RESULTS=@OLD_CHARACTER_SET_RESULTS */;
/*!40101 SET COLLATION_CONNECTION=@OLD_COLLATION_CONNECTION */;
/*!40111 SET SQL_NOTES=@OLD_SQL_NOTES */;

-- Dump completed on 2013-09-26  8:41:03
